USE K3L_DataMart;
GO

-- ============================================
-- 1. DIM_DATE (50 data: 2021-2025)
-- ============================================
SET IDENTITY_INSERT Dim_Date ON;
INSERT INTO Dim_Date (DateID, Tanggal, Tahun, Bulan, Kuartal) VALUES
(1, '2021-01-05', 2021, 'Januari', 'Q1'),
(2, '2021-02-15', 2021, 'Februari', 'Q1'),
(3, '2021-03-10', 2021, 'Maret', 'Q1'),
(4, '2021-04-20', 2021, 'April', 'Q2'),
(5, '2021-05-05', 2021, 'Mei', 'Q2'),
(6, '2021-06-15', 2021, 'Juni', 'Q2'),
(7, '2021-07-25', 2021, 'Juli', 'Q3'),
(8, '2022-01-10', 2022, 'Januari', 'Q1'),
(9, '2022-02-20', 2022, 'Februari', 'Q1'),
(10, '2022-03-05', 2022, 'Maret', 'Q1'),
(11, '2022-04-15', 2022, 'April', 'Q2'),
(12, '2022-05-25', 2022, 'Mei', 'Q2'),
(13, '2022-06-10', 2022, 'Juni', 'Q2'),
(14, '2022-07-08', 2022, 'Juli', 'Q3'),
(15, '2022-08-18', 2022, 'Agustus', 'Q3'),
(16, '2022-09-28', 2022, 'September', 'Q3'),
(17, '2022-10-12', 2022, 'Oktober', 'Q4'),
(18, '2023-01-22', 2023, 'Januari', 'Q1'),
(19, '2023-02-02', 2023, 'Februari', 'Q1'),
(20, '2023-03-12', 2023, 'Maret', 'Q1'),
(21, '2023-04-22', 2023, 'April', 'Q2'),
(22, '2023-05-01', 2023, 'Mei', 'Q2'),
(23, '2023-06-11', 2023, 'Juni', 'Q2'),
(24, '2023-07-21', 2023, 'Juli', 'Q3'),
(25, '2023-08-01', 2023, 'Agustus', 'Q3'),
(26, '2023-09-15', 2023, 'September', 'Q3'),
(27, '2023-10-25', 2023, 'Oktober', 'Q3'),
(28, '2024-01-10', 2024, 'Januari', 'Q1'),
(29, '2024-02-20', 2024, 'Februari', 'Q1'),
(30, '2024-04-30', 2024, 'April', 'Q2'),
(31, '2024-08-10', 2024, 'Agustus', 'Q3'),
(32, '2024-10-20', 2024, 'Oktober', 'Q4'),
(33, '2024-11-30', 2024, 'November', 'Q4'),
(34, '2024-12-10', 2024, 'Desember', 'Q4'),
(35, '2024-12-20', 2024, 'Desember', 'Q4'),
(36, '2024-12-30', 2024, 'Desember', 'Q4'),
(37, '2025-01-10', 2025, 'Januari', 'Q1'),
(38, '2025-02-20', 2025, 'Februari', 'Q1'),
(39, '2025-03-15', 2025, 'Maret', 'Q1'),
(40, '2025-03-25', 2025, 'Maret', 'Q1'),
(41, '2025-04-25', 2025, 'April', 'Q2'),
(42, '2025-05-05', 2025, 'Mei', 'Q2'),
(43, '2025-06-15', 2025, 'Juni', 'Q2'),
(44, '2025-07-25', 2025, 'Juli', 'Q3'),
(45, '2025-08-05', 2025, 'Agustus', 'Q3'),
(46, '2025-09-15', 2025, 'September', 'Q3'),
(47, '2025-10-10', 2025, 'Oktober', 'Q4'),
(48, '2025-11-20', 2025, 'Oktober', 'Q4'),
(49, '2025-11-15', 2025, 'November', 'Q4'),
(50, '2025-12-01', 2025, 'Desember', 'Q4');
SET IDENTITY_INSERT Dim_Date OFF;

-- ============================================
-- 2. DIM_LOKASI (50 data)
-- ============================================
SET IDENTITY_INSERT Dim_Lokasi ON;
INSERT INTO Dim_Lokasi (LokasiID, NamaLokasi, Gedung, Lantai) VALUES
(1, 'Labkom Prodi 1', 'Labtek 1', 'Lantai 3'),
(2, 'Labkom Prodi 2', 'Labtek 1', 'Lantai 2'),
(3, 'Labkom Prodi 3', 'Labtek 1', 'Lantai 4'),
(4, 'Ruang Kelas A201', 'Gedung A', 'Lantai 2'),
(5, 'Ruang Kelas A202', 'Gedung A', 'Lantai 2'),
(6, 'Ruang Kelas B101', 'Gedung B', 'Lantai 1'),
(7, 'Ruang Kelas B102', 'Gedung B', 'Lantai 1'),
(8, 'Lab. Kimia Dasar', 'Labtek OZT', 'Lantai 1'),
(9, 'Lab. Kimia Lanjut', 'Labtek OZT', 'Lantai 2'),
(10, 'Lab. Fisika Dasar', 'Labtek 3', 'Lantai 2'),
(11, 'Lab. Fisika Lanjut', 'Labtek 3', 'Lantai 3'),
(12, 'Lab. Biologi', 'Labtek 4', 'Lantai 3'),
(13, 'Lab. Mikrobiologi', 'Labtek 4', 'Lantai 4'),
(14, 'Ruang Dosen FTIK', 'Gedung H', 'Lantai 3'),
(15, 'Ruang Dosen FTSL', 'Gedung G', 'Lantai 2'),
(16, 'Ruang Dosen Rektorat', 'Gedung Utama', 'Lantai 5'),
(17, 'Ruang Administrasi', 'Gedung B', 'Lantai 2'),
(18, 'Ruang TU FTIK', 'Gedung H', 'Lantai 1'),
(19, 'Ruang TU FTSL', 'Gedung G', 'Lantai 1'),
(20, 'Perpustakaan Pusat', 'GKU 1', 'Lantai 2'),
(21, 'Perpustakaan FTIK', 'Gedung H', 'Lantai 2'),
(22, 'Perpustakaan FTSL', 'Gedung G', 'Lantai 3'),
(23, 'Ruang Seminar A', 'Gedung Utama', 'Lantai 3'),
(24, 'Ruang Seminar B', 'Gedung Utama', 'Lantai 4'),
(25, 'Ruang Rapat 1', 'Gedung B', 'Lantai 3'),
(26, 'Ruang Rapat 2', 'Gedung B', 'Lantai 4'),
(27, 'Area Parkir Utara', 'Area Parkir', 'Lantai Dasar'),
(28, 'Area Parkir Selatan', 'Area Parkir', 'Lantai Dasar'),
(29, 'Area Parkir Timur', 'Area Parkir', 'Lantai Dasar'),
(30, 'Area Parkir Barat', 'Area Parkir', 'Lantai Dasar'),
(31, 'Gudang Peralatan', 'Area Gudang', 'Lantai Dasar'),
(32, 'Gudang Bahan Kimia', 'Area Gudang', 'Lantai Dasar'),
(33, 'Gudang Umum', 'Area Gudang', 'Lantai Dasar'),
(34, 'Ruang Server', 'Gedung Utama', 'Lantai 1'),
(35, 'Ruang Kontrol', 'Gedung Utama', 'Lantai 1'),
(36, 'Kantin Utara', 'Gedung Kantin', 'Lantai 1'),
(37, 'Kantin Selatan', 'Gedung Kantin', 'Lantai 1'),
(38, 'Ruang UKM Seni', 'Gedung D', 'Lantai 2'),
(39, 'Ruang UKM Olahraga', 'Gedung D', 'Lantai 3'),
(40, 'Ruang UKM Sains', 'Gedung D', 'Lantai 4'),
(41, 'Ruang Asrama Putra', 'Asrama', 'Lantai 2'),
(42, 'Ruang Asrama Putri', 'Asrama', 'Lantai 3'),
(43, 'Ruang Kesehatan', 'Gedung Kesehatan', 'Lantai 1'),
(44, 'Ruang Konseling', 'Gedung Kesehatan', 'Lantai 2'),
(45, 'Ruang Laboran', 'Labtek 1', 'Lantai 1'),
(46, 'Ruang Teknisi', 'Labtek 2', 'Lantai 1'),
(47, 'Ruang Cleaning Service', 'Gedung Pelayanan', 'Lantai 1'),
(48, 'Ruang Security', 'Gedung Pelayanan', 'Lantai 1'),
(49, 'Ruang Mushola', 'Gedung Utama', 'Lantai 1'),
(50, 'Ruang Auditorium', 'Gedung Utama', 'Lantai 2');
SET IDENTITY_INSERT Dim_Lokasi OFF;

-- ============================================
-- 3. DIM_UNITKERJA (50 data)
-- ============================================
SET IDENTITY_INSERT Dim_UnitKerja ON;
INSERT INTO Dim_UnitKerja (UnitKerjaID, NamaUnit, KategoriUnit) VALUES
(1, 'Teknik Informatika', 'Akademik'),
(2, 'Teknik Elektro', 'Akademik'),
(3, 'Teknik Mesin', 'Akademik'),
(4, 'Teknik Industri', 'Akademik'),
(5, 'Teknik Kimia', 'Akademik'),
(6, 'Teknik Lingkungan', 'Akademik'),
(7, 'Teknik Sipil', 'Akademik'),
(8, 'Teknik Geologi', 'Akademik'),
(9, 'Fisika', 'Akademik'),
(10, 'Kimia', 'Akademik'),
(11, 'Biologi', 'Akademik'),
(12, 'Matematika', 'Akademik'),
(13, 'Statistika', 'Akademik'),
(14, 'Farmasi', 'Akademik'),
(15, 'Kedokteran', 'Akademik'),
(16, 'Psikologi', 'Akademik'),
(17, 'Manajemen', 'Akademik'),
(18, 'Akuntansi', 'Akademik'),
(19, 'Ekonomi', 'Akademik'),
(20, 'Hukum', 'Akademik'),
(21, 'Sosiologi', 'Akademik'),
(22, 'Administrasi Umum', 'Penunjang'),
(23, 'Unit K3L', 'Penunjang'),
(24, 'Pemeliharaan', 'Penunjang'),
(25, 'Keamanan', 'Penunjang'),
(26, 'Perpustakaan', 'Penunjang'),
(27, 'Laboratorium Sentral', 'Penunjang'),
(28, 'Riset dan Inovasi', 'Penunjang'),
(29, 'Kemahasiswaan', 'Penunjang'),
(30, 'Kerjasama', 'Penunjang'),
(31, 'Keuangan', 'Penunjang'),
(32, 'SDM', 'Penunjang'),
(33, 'Logistik', 'Penunjang'),
(34, 'IT Support', 'Penunjang'),
(35, 'Marketing', 'Penunjang'),
(36, 'Public Relations', 'Penunjang'),
(37, 'Humas', 'Penunjang'),
(38, 'Legal', 'Penunjang'),
(39, 'Quality Assurance', 'Penunjang'),
(40, 'Audit Internal', 'Penunjang'),
(41, 'Pelatihan', 'Penunjang'),
(42, 'Pengembangan', 'Penunjang'),
(43, 'Proyek Khusus', 'Penunjang'),
(44, 'Internasional', 'Penunjang'),
(45, 'Alumni', 'Penunjang'),
(46, 'Penerimaan', 'Penunjang'),
(47, 'Akademik', 'Penunjang'),
(48, 'Rektorat', 'Penunjang'),
(49, 'Dekanat FTIK', 'Penunjang'),
(50, 'Dekanat FTSL', 'Penunjang');
SET IDENTITY_INSERT Dim_UnitKerja OFF;

-- ============================================
-- 4. DIM_JENISINSIDEN (50 data)
-- ============================================
SET IDENTITY_INSERT Dim_JenisInsiden ON;
INSERT INTO Dim_JenisInsiden (JenisInsidenID, NamaInsiden) VALUES
(1, 'Nyaris Celaka (Near Miss)'),
(2, 'Kecelakaan Ringan'),
(3, 'Kecelakaan Sedang'),
(4, 'Kecelakaan Berat'),
(5, 'Kebakaran Kecil'),
(6, 'Kebakaran Sedang'),
(7, 'Kebakaran Besar'),
(8, 'Kebocoran Gas'),
(9, 'Tumpahan Kimia'),
(10, 'Paparan Bahan Kimia'),
(11, 'Insiden Listrik'),
(12, 'Korsleting Listrik'),
(13, 'Listrik Padam'),
(14, 'Kecelakaan Alat Lab'),
(15, 'Kecelakaan Mesin'),
(16, 'Jatuh dari Ketinggian'),
(17, 'Terpeleset'),
(18, 'Terjatuh'),
(19, 'Insiden Transportasi'),
(20, 'Tabrakan Kendaraan'),
(21, 'Insiden Keamanan'),
(22, 'Pencurian'),
(23, 'Vandalisme'),
(24, 'Bentrokan'),
(25, 'Kebocoran Data'),
(26, 'Serangan Siber'),
(27, 'Gangguan Sistem'),
(28, 'Server Down'),
(29, 'Jaringan Putus'),
(30, 'Insiden Air'),
(31, 'Kebocoran Pipa'),
(32, 'Banjir Lokal'),
(33, 'Insiden Medis'),
(34, 'Pingsan'),
(35, 'Serangan Jantung'),
(36, 'Patah Tulang'),
(37, 'Luka Bakar'),
(38, 'Luka Potong'),
(39, 'Keracunan Makanan'),
(40, 'Alergi Berat'),
(41, 'Insiden Hewan'),
(42, 'Gigitan Hewan'),
(43, 'Sengatan Serangga'),
(44, 'Insiden Lingkungan'),
(45, 'Polusi Udara'),
(46, 'Kebisingan Berlebih'),
(47, 'Suhu Ekstrem'),
(48, 'Bahan Berbahaya'),
(49, 'Radiasi'),
(50, 'Bencana Alam');
SET IDENTITY_INSERT Dim_JenisInsiden OFF;

-- ============================================
-- 5. DIM_SEVERITY (7 data - sudah cukup)
-- ============================================
SET IDENTITY_INSERT Dim_Severity ON;
INSERT INTO Dim_Severity (SeverityID, TingkatKeparahan) VALUES
(1, '0 - Tidak Relevan'),
(2, '1 - Rendah'),
(3, '2 - Ringan'),
(4, '3 - Sedang'),
(5, '4 - Signifikan'),
(6, '5 - Kritis'),
(7, '6 - Fatal');
SET IDENTITY_INSERT Dim_Severity OFF;

-- ============================================
-- 6. DIM_JENISPERALATAN (50 data)
-- ============================================
SET IDENTITY_INSERT Dim_JenisPeralatan ON;
INSERT INTO Dim_JenisPeralatan (PeralatanID, NamaPeralatan, KategoriPeralatan) VALUES
(1, 'APAR 3kg', 'Pencegahan Kebakaran'),
(2, 'APAR 6kg', 'Pencegahan Kebakaran'),
(3, 'APAR CO2 5kg', 'Pencegahan Kebakaran'),
(4, 'APAR Foam 9L', 'Pencegahan Kebakaran'),
(5, 'Hydrant Pilar', 'Pencegahan Kebakaran'),
(6, 'Hydrant Box', 'Pencegahan Kebakaran'),
(7, 'Slang Hydrant', 'Pencegahan Kebakaran'),
(8, 'Nozzle Hydrant', 'Pencegahan Kebakaran'),
(9, 'Pompa Hydrant', 'Pencegahan Kebakaran'),
(10, 'Detektor Asap', 'Deteksi Kebakaran'),
(11, 'Detektor Panas', 'Deteksi Kebakaran'),
(12, 'Detektor Gas', 'Deteksi Kebakaran'),
(13, 'Detektor CO', 'Deteksi Kebakaran'),
(14, 'Alarm Kebakaran', 'Deteksi Kebakaran'),
(15, 'Panel Listrik Utama', 'Kelistrikan'),
(16, 'Panel Listrik Distribusi', 'Kelistrikan'),
(17, 'Genset', 'Kelistrikan'),
(18, 'UPS', 'Kelistrikan'),
(19, 'Stabilizer', 'Kelistrikan'),
(20, 'Trafo', 'Kelistrikan'),
(21, 'Lift Penumpang', 'Transportasi'),
(22, 'Lift Barang', 'Transportasi'),
(23, 'Eskalator', 'Transportasi'),
(24, 'Travelator', 'Transportasi'),
(25, 'Spektrofotometer', 'Peralatan Lab'),
(26, 'Centrifuge', 'Peralatan Lab'),
(27, 'Mikroskop', 'Peralatan Lab'),
(28, 'Autoclave', 'Peralatan Lab'),
(29, 'Incubator', 'Peralatan Lab'),
(30, 'Lemari Asam', 'Peralatan Lab'),
(31, 'Biological Safety Cabinet', 'Peralatan Lab'),
(32, 'pH Meter', 'Peralatan Lab'),
(33, 'Balance Analitik', 'Peralatan Lab'),
(34, 'Hotplate', 'Peralatan Lab'),
(35, 'Lemari Penyimpan B3', 'Penyimpanan'),
(36, 'Tangki Penyimpan Kimia', 'Penyimpanan'),
(37, 'Silinder Gas', 'Penyimpanan'),
(38, 'Cold Storage', 'Penyimpanan'),
(39, 'Freezer -20°C', 'Penyimpanan'),
(40, 'Freezer -80°C', 'Penyimpanan'),
(41, 'AC Sentral', 'Sirkulasi Udara'),
(42, 'AC Split', 'Sirkulasi Udara'),
(43, 'Exhaust Fan', 'Sirkulasi Udara'),
(44, 'Ventilasi', 'Sirkulasi Udara'),
(45, 'Air Purifier', 'Sirkulasi Udara'),
(46, 'Tangga Darurat', 'Keamanan'),
(47, 'Pintu Darurat', 'Keamanan'),
(48, 'Emergency Light', 'Keamanan'),
(49, 'Fire Door', 'Keamanan'),
(50, 'Eye Wash Station', 'Keselamatan');
SET IDENTITY_INSERT Dim_JenisPeralatan OFF;

-- ============================================
-- 7. DIM_JENISLIMBAH (50 data)
-- ============================================
SET IDENTITY_INSERT Dim_JenisLimbah ON;
INSERT INTO Dim_JenisLimbah (LimbahID, JenisLimbah, Kategori, Sifat) VALUES
(1, 'Limbah B3 Padat', 'B3', 'Berbahaya'),
(2, 'Limbah B3 Cair', 'B3', 'Korosif'),
(3, 'Limbah B3 Gas', 'B3', 'Toksik'),
(4, 'Pelarut Organik', 'B3', 'Mudah Terbakar'),
(5, 'Asam Kuat', 'B3', 'Korosif'),
(6, 'Basa Kuat', 'B3', 'Korosif'),
(7, 'Logam Berat', 'B3', 'Beracun'),
(8, 'Sianida', 'B3', 'Beracun'),
(9, 'Merkuri', 'B3', 'Beracun'),
(10, 'Arsen', 'B3', 'Beracun'),
(11, 'Limbah Medis Infeksius', 'Medis', 'Infeksius'),
(12, 'Jarum Suntik', 'Medis', 'Infeksius'),
(13, 'Perban Bekas', 'Medis', 'Infeksius'),
(14, 'Spesimen Biologi', 'Medis', 'Infeksius'),
(15, 'Kultur Mikroba', 'Medis', 'Infeksius'),
(16, 'Limbah Farmasi', 'Medis', 'Berbahaya'),
(17, 'Obat Kadaluarsa', 'Medis', 'Berbahaya'),
(18, 'Vaksin Bekas', 'Medis', 'Berbahaya'),
(19, 'Limbah Radioaktif', 'B3', 'Radioaktif'),
(20, 'Sampel Radioaktif', 'B3', 'Radioaktif'),
(21, 'Sampah Organik', 'Umum', 'Non-B3'),
(22, 'Sisa Makanan', 'Umum', 'Non-B3'),
(23, 'Sampah Dapur', 'Umum', 'Non-B3'),
(24, 'Sampah Plastik', 'Umum', 'Non-B3'),
(25, 'Botol Plastik', 'Umum', 'Non-B3'),
(26, 'Kantong Plastik', 'Umum', 'Non-B3'),
(27, 'Sampah Kertas', 'Umum', 'Non-B3'),
(28, 'Kardus Bekas', 'Umum', 'Non-B3'),
(29, 'Koran Bekas', 'Umum', 'Non-B3'),
(30, 'Sampah Logam', 'Umum', 'Non-B3'),
(31, 'Kaleng Bekas', 'Umum', 'Non-B3'),
(32, 'Besi Tua', 'Umum', 'Non-B3'),
(33, 'Sampah Kaca', 'Umum', 'Non-B3'),
(34, 'Botol Kaca', 'Umum', 'Non-B3'),
(35, 'Kaca Pecah', 'Umum', 'Non-B3'),
(36, 'Limbah Elektronik', 'Khusus', 'Non-B3'),
(37, 'Komputer Rusak', 'Khusus', 'Non-B3'),
(38, 'Monitor Bekas', 'Khusus', 'Non-B3'),
(39, 'Baterai Bekas', 'Khusus', 'Non-B3'),
(40, 'Lampu TL Bekas', 'Khusus', 'Beracun'),
(41, 'Aki Bekas', 'Khusus', 'Berbahaya'),
(42, 'Limbah Konstruksi', 'Khusus', 'Non-B3'),
(43, 'Sisa Semen', 'Khusus', 'Non-B3'),
(44, 'Batu Bata Patah', 'Khusus', 'Non-B3'),
(45, 'Kayu Bekas', 'Khusus', 'Non-B3'),
(46, 'Limbah Tekstil', 'Khusus', 'Non-B3'),
(47, 'Kain Bekas', 'Khusus', 'Non-B3'),
(48, 'Serbuk Kayu', 'Khusus', 'Non-B3'),
(49, 'Debu Industri', 'Khusus', 'Non-B3'),
(50, 'Filter Bekas', 'Khusus', 'Non-B3');
SET IDENTITY_INSERT Dim_JenisLimbah OFF;

-- ============================================
-- 8. DIM_PETUGAS (50 data - UNIK semua)
-- ============================================
SET IDENTITY_INSERT Dim_Petugas ON;
INSERT INTO Dim_Petugas (PetugasID, KodePetugas, NamaPetugas, Jabatan, UnitKerjaID) VALUES
(1, 'PTG-001', 'Ahmad Budiman', 'Staff K3L', 23),
(2, 'PTG-002', 'Siti Nurhaliza', 'Staff K3L', 23),
(3, 'PTG-003', 'Budi Santoso', 'Staff K3L', 23),
(4, 'PTG-004', 'Rina Marlina', 'Staff K3L', 23),
(5, 'PTG-005', 'Dedi Kusnadi', 'Staff K3L', 23),
(6, 'PTG-006', 'Maya Sari', 'Staff K3L', 23),
(7, 'PTG-007', 'Hendra Gunawan', 'Staff K3L', 23),
(8, 'PTG-008', 'Lina Wati', 'Staff K3L', 23),
(9, 'PTG-009', 'Rizky Pratama', 'Auditor Internal', 40),
(10, 'PTG-010', 'Eka Chandra', 'Auditor Internal', 40),
(11, 'PTG-011', 'Gilang Ramadhan', 'Auditor Internal', 40),
(12, 'PTG-012', 'Fajar Nugroho', 'Auditor Internal', 40),
(13, 'PTG-013', 'Gita Purnama', 'Auditor Internal', 40),
(14, 'PTG-014', 'Hadi Wijaya', 'Auditor Internal', 40),
(15, 'PTG-015', 'Bima Sakti', 'Manajer K3L', 23),
(16, 'PTG-016', 'Tiara Kusuma', 'Manajer K3L', 23),
(17, 'PTG-017', 'Joko Widodo', 'Manajer K3L', 23),
(18, 'PTG-018', 'Susi Pudjiastuti', 'Manajer K3L', 28),
(19, 'PTG-019', 'Agus Salim', 'Manajer K3L', 28),
(20, 'PTG-020', 'Mega Chan', 'Manajer K3L', 28),
(21, 'PTG-021', 'Diki Firmansyah', 'Direktur', 22),
(22, 'PTG-022', 'Hesti Pramono', 'Direktur', 22),
(23, 'PTG-023', 'Indra Waskita', 'Direktur', 24),
(24, 'PTG-024', 'Johan Setiawan', 'Direktur', 24),
(25, 'PTG-025', 'Kartika Dewi', 'Direktur', 24),
(26, 'PTG-026', 'Lukman Hakim', 'Direktur', 22),
(27, 'PTG-027', 'Endah Puspitasari', 'Rektor', 48),
(28, 'PTG-028', 'Bayu Samudra', 'Wakil Rektor', 48),
(29, 'PTG-029', 'Gede Ananda', 'Rektor', 48),
(30, 'PTG-030', 'Cynthia Laura', 'Wakil Rektor', 48),
(31, 'PTG-031', 'Cici Cahyani', 'Decision Maker', 28),
(32, 'PTG-032', 'Nia Kurniawati', 'Decision Maker', 28),
(33, 'PTG-033', 'Diah Ayu', 'Decision Maker', 28),
(34, 'PTG-034', 'Oki Setiana', 'Decision Maker', 28),
(35, 'PTG-035', 'Pandji Pragiwaksono', 'Decision Maker', 28),
(36, 'PTG-036', 'Qory Sandioriva', 'Supervisor K3L', 23),
(37, 'PTG-037', 'Rangga Saputra', 'Supervisor K3L', 23),
(38, 'PTG-038', 'Santi Wulandari', 'Supervisor K3L', 23),
(39, 'PTG-039', 'Taufik Hidayat', 'Supervisor K3L', 23),
(40, 'PTG-040', 'Umar Said', 'Supervisor K3L', 23),
(41, 'PTG-041', 'Vina Melinda', 'Koordinator K3L', 23),
(42, 'PTG-042', 'Wahyu Nugroho', 'Koordinator K3L', 23),
(43, 'PTG-043', 'Xavier Tan', 'Koordinator K3L', 23),
(44, 'PTG-044', 'Yuni Astuti', 'Koordinator K3L', 23),
(45, 'PTG-045', 'Zainal Abidin', 'Koordinator K3L', 23),
(46, 'PTG-046', 'Alya Putri', 'Ahli K3', 23),
(47, 'PTG-047', 'Bambang Surya', 'Ahli K3', 23),
(48, 'PTG-048', 'Citra Lestari', 'Ahli K3', 23),
(49, 'PTG-049', 'Doni Salmanan', 'Ahli K3', 23),
(50, 'PTG-050', 'Eva Yuniar', 'Ahli K3', 23);
SET IDENTITY_INSERT Dim_Petugas OFF;

-- ============================================
-- 9. FACT_INSIDEN (50 data)
-- ============================================
SET IDENTITY_INSERT Fact_Insiden ON;
INSERT INTO Fact_Insiden (InsidenID, DateID, LokasiID, UnitKerjaID, JenisInsidenID, SeverityID, PetugasID, JumlahKorban, HariKerjaHilang) VALUES
(1, 1, 1, 1, 1, 2, 1, 0, 0),
(2, 2, 2, 2, 2, 3, 2, 1, 0),
(3, 3, 3, 3, 3, 4, 3, 1, 2),
(4, 4, 4, 4, 4, 5, 4, 1, 5),
(5, 5, 5, 5, 5, 6, 5, 2, 7),
(6, 6, 6, 6, 6, 7, 6, 1, 10),
(7, 7, 7, 7, 7, 2, 7, 0, 0),
(8, 8, 8, 8, 8, 3, 8, 1, 1),
(9, 9, 9, 9, 9, 4, 9, 1, 3),
(10, 10, 10, 10, 10, 5, 10, 2, 5),
(11, 11, 11, 11, 11, 6, 11, 1, 7),
(12, 12, 12, 12, 12, 7, 12, 3, 15),
(13, 13, 13, 13, 13, 2, 13, 0, 0),
(14, 14, 14, 14, 14, 3, 14, 1, 1),
(15, 15, 15, 15, 15, 4, 15, 1, 3),
(16, 16, 16, 16, 16, 5, 16, 2, 5),
(17, 17, 17, 17, 17, 6, 17, 1, 7),
(18, 18, 18, 18, 18, 7, 18, 2, 10),
(19, 19, 19, 19, 19, 2, 19, 0, 0),
(20, 20, 20, 20, 20, 3, 20, 1, 1),
(21, 21, 21, 21, 21, 4, 21, 1, 3),
(22, 22, 22, 22, 22, 5, 22, 2, 5),
(23, 23, 23, 23, 23, 6, 23, 1, 7),
(24, 24, 24, 24, 24, 7, 24, 3, 15),
(25, 25, 25, 25, 25, 2, 25, 0, 0),
(26, 26, 26, 26, 26, 3, 26, 1, 1),
(27, 27, 27, 27, 27, 4, 27, 1, 3),
(28, 28, 28, 28, 28, 5, 28, 2, 5),
(29, 29, 29, 29, 29, 6, 29, 1, 7),
(30, 30, 30, 30, 30, 7, 30, 2, 10),
(31, 31, 31, 31, 31, 2, 31, 0, 0),
(32, 32, 32, 32, 32, 3, 32, 1, 1),
(33, 33, 33, 33, 33, 4, 33, 1, 3),
(34, 34, 34, 34, 34, 5, 34, 2, 5),
(35, 35, 35, 35, 35, 6, 35, 1, 7),
(36, 36, 36, 36, 36, 7, 36, 3, 15),
(37, 37, 37, 37, 37, 2, 37, 0, 0),
(38, 38, 38, 38, 38, 3, 38, 1, 1),
(39, 39, 39, 39, 39, 4, 39, 1, 3),
(40, 40, 40, 40, 40, 5, 40, 2, 5),
(41, 41, 41, 41, 41, 6, 41, 1, 7),
(42, 42, 42, 42, 42, 7, 42, 2, 10),
(43, 43, 43, 43, 43, 2, 43, 0, 0),
(44, 44, 44, 44, 44, 3, 44, 1, 1),
(45, 45, 45, 45, 45, 4, 45, 1, 3),
(46, 46, 46, 46, 46, 5, 46, 2, 5),
(47, 47, 47, 47, 47, 6, 47, 1, 7),
(48, 48, 48, 48, 48, 7, 48, 3, 15),
(49, 49, 49, 49, 49, 2, 49, 0, 0),
(50, 50, 50, 50, 50, 3, 50, 1, 1);
SET IDENTITY_INSERT Fact_Insiden OFF;

-- ============================================
-- 10. FACT_INSPEKSI (50 data)
-- ============================================
SET IDENTITY_INSERT Fact_Inspeksi ON;
INSERT INTO Fact_Inspeksi (InspeksiID, DateID, LokasiID, UnitKerjaID, PeralatanID, PetugasID, JumlahDiinspeksi, JumlahTidakSesuai) VALUES
(1, 1, 1, 1, 1, 1, 10, 0),
(2, 2, 2, 2, 2, 2, 8, 1),
(3, 3, 3, 3, 3, 3, 12, 2),
(4, 4, 4, 4, 4, 4, 15, 3),
(5, 5, 5, 5, 5, 5, 6, 0),
(6, 6, 6, 6, 6, 6, 9, 1),
(7, 7, 7, 7, 7, 7, 11, 2),
(8, 8, 8, 8, 8, 8, 7, 1),
(9, 9, 9, 9, 9, 9, 13, 3),
(10, 10, 10, 10, 10, 10, 8, 0),
(11, 11, 11, 11, 11, 11, 10, 1),
(12, 12, 12, 12, 12, 12, 14, 4),
(13, 13, 13, 13, 13, 13, 9, 2),
(14, 14, 14, 14, 14, 14, 12, 3),
(15, 15, 15, 15, 15, 15, 7, 1),
(16, 16, 16, 16, 16, 16, 11, 2),
(17, 17, 17, 17, 17, 17, 8, 0),
(18, 18, 18, 18, 18, 18, 13, 3),
(19, 19, 19, 19, 19, 19, 10, 1),
(20, 20, 20, 20, 20, 20, 15, 4),
(21, 21, 21, 21, 21, 21, 9, 2),
(22, 22, 22, 22, 22, 22, 12, 3),
(23, 23, 23, 23, 23, 23, 8, 1),
(24, 24, 24, 24, 24, 24, 14, 4),
(25, 25, 25, 25, 25, 25, 10, 0),
(26, 26, 26, 26, 26, 26, 7, 1),
(27, 27, 27, 27, 27, 27, 11, 2),
(28, 28, 28, 28, 28, 28, 13, 3),
(29, 29, 29, 29, 29, 29, 9, 1),
(30, 30, 30, 30, 30, 30, 15, 4),
(31, 31, 31, 31, 31, 31, 8, 0),
(32, 32, 32, 32, 32, 32, 12, 2),
(33, 33, 33, 33, 33, 33, 10, 1),
(34, 34, 34, 34, 34, 34, 14, 3),
(35, 35, 35, 35, 35, 35, 7, 0),
(36, 36, 36, 36, 36, 36, 11, 2),
(37, 37, 37, 37, 37, 37, 9, 1),
(38, 38, 38, 38, 38, 38, 13, 3),
(39, 39, 39, 39, 39, 39, 10, 0),
(40, 40, 40, 40, 40, 40, 15, 4),
(41, 41, 41, 41, 41, 41, 8, 1),
(42, 42, 42, 42, 42, 42, 12, 2),
(43, 43, 43, 43, 43, 43, 11, 3),
(44, 44, 44, 44, 44, 44, 9, 1),
(45, 45, 45, 45, 45, 45, 14, 4),
(46, 46, 46, 46, 46, 46, 7, 0),
(47, 47, 47, 47, 47, 47, 13, 3),
(48, 48, 48, 48, 48, 48, 10, 1),
(49, 49, 49, 49, 49, 49, 15, 4),
(50, 50, 50, 50, 50, 50, 8, 0);
SET IDENTITY_INSERT Fact_Inspeksi OFF;

-- ============================================
-- 11. FACT_LIMBAH (50 data)
-- ============================================
SET IDENTITY_INSERT Fact_Limbah ON;
INSERT INTO Fact_Limbah (LimbahFactID, DateID, LokasiID, UnitKerjaID, LimbahID, PetugasID, JumlahLimbah) VALUES
(1, 1, 1, 1, 1, 1, 2.5),
(2, 2, 2, 2, 2, 2, 5.0),
(3, 3, 3, 3, 3, 3, 10.0),
(4, 4, 4, 4, 4, 4, 1.2),
(5, 5, 5, 5, 5, 5, 3.5),
(6, 6, 6, 6, 6, 6, 8.0),
(7, 7, 7, 7, 7, 7, 12.0),
(8, 8, 8, 8, 8, 8, 0.5),
(9, 9, 9, 9, 9, 9, 15.0),
(10, 10, 10, 10, 10, 10, 2.0),
(11, 11, 11, 11, 11, 11, 6.0),
(12, 12, 12, 12, 12, 12, 20.0),
(13, 13, 13, 13, 13, 13, 4.0),
(14, 14, 14, 14, 14, 14, 7.5),
(15, 15, 15, 15, 15, 15, 3.0),
(16, 16, 16, 16, 16, 16, 25.0),
(17, 17, 17, 17, 17, 17, 5.0),
(18, 18, 18, 18, 18, 18, 9.0),
(19, 19, 19, 19, 19, 19, 30.0),
(20, 20, 20, 20, 20, 20, 1.5),
(21, 21, 21, 21, 21, 21, 2.5),
(22, 22, 22, 22, 22, 22, 8.0),
(23, 23, 23, 23, 23, 23, 12.0),
(24, 24, 24, 24, 24, 24, 6.0),
(25, 25, 25, 25, 25, 25, 4.0),
(26, 26, 26, 26, 26, 26, 10.0),
(27, 27, 27, 27, 27, 27, 3.5),
(28, 28, 28, 28, 28, 28, 15.0),
(29, 29, 29, 29, 29, 29, 20.0),
(30, 30, 30, 30, 30, 30, 5.0),
(31, 31, 31, 31, 31, 31, 6.0),
(32, 32, 32, 32, 32, 32, 20.0),
(33, 33, 33, 33, 33, 33, 4.0),
(34, 34, 34, 34, 34, 34, 7.5),
(35, 35, 35, 35, 35, 35, 3.0),
(36, 36, 36, 36, 36, 36, 25.0),
(37, 37, 37, 37, 37, 37, 5.0),
(38, 38, 38, 38, 38, 38, 9.0),
(39, 39, 39, 39, 39, 39, 30.0),
(40, 40, 40, 40, 40, 40, 1.5),
(41, 41, 41, 41, 41, 41, 2.5),
(42, 42, 42, 42, 42, 42, 8.0),
(43, 43, 43, 43, 43, 43, 12.0),
(44, 44, 44, 44, 44, 44, 6.0),
(45, 45, 45, 45, 45, 45, 4.0),
(46, 46, 46, 46, 46, 46, 10.0),
(47, 47, 47, 47, 47, 47, 3.5),
(48, 48, 48, 48, 48, 48, 15.0),
(49, 49, 49, 49, 49, 49, 20.0),
(50, 50, 50, 50, 50, 50, 5.0);
SET IDENTITY_INSERT Fact_Limbah OFF;

-- ============================================
-- VERIFIKASI DATA
-- ============================================
PRINT '=== VERIFIKASI 50 DATA SETIAP TABEL ===';
SELECT 'Dim_Date' as Tabel, COUNT(*) as Jumlah FROM Dim_Date UNION ALL
SELECT 'Dim_Lokasi', COUNT(*) FROM Dim_Lokasi UNION ALL
SELECT 'Dim_UnitKerja', COUNT(*) FROM Dim_UnitKerja UNION ALL
SELECT 'Dim_JenisInsiden', COUNT(*) FROM Dim_JenisInsiden UNION ALL
SELECT 'Dim_Severity', COUNT(*) FROM Dim_Severity UNION ALL
SELECT 'Dim_JenisPeralatan', COUNT(*) FROM Dim_JenisPeralatan UNION ALL
SELECT 'Dim_JenisLimbah', COUNT(*) FROM Dim_JenisLimbah UNION ALL
SELECT 'Dim_Petugas', COUNT(*) FROM Dim_Petugas UNION ALL
SELECT 'Fact_Insiden', COUNT(*) FROM Fact_Insiden UNION ALL
SELECT 'Fact_Inspeksi', COUNT(*) FROM Fact_Inspeksi UNION ALL
SELECT 'Fact_Limbah', COUNT(*) FROM Fact_Limbah;

PRINT '=== CEK DATA KEMBAR DI DIM_PETUGAS ===';
SELECT 'TIDAK ADA DATA KEMBAR' as Status WHERE NOT EXISTS (
    SELECT NamaPetugas FROM Dim_Petugas GROUP BY NamaPetugas HAVING COUNT(*) > 1
);
SELECT 'DATA UNIK SEMUA' as Status WHERE EXISTS (
    SELECT NamaPetugas FROM Dim_Petugas GROUP BY NamaPetugas HAVING COUNT(*) = 1
);